Title,Price,Stock,sku,url
"Barefoot Buttons-B-Stock-V1 Mini Pumpkin Spice, Pack Of 5",$21.95 ,55 in stock,24-V1-MN-PS,https://barefootbuttons.com/product/barefoot-buttons-b-stock-v1-mini-pumpkin-spice-pack-of-5/
Barefoot Buttons V1 Mini Black,$8.95 ,22 in stock,19-V1-MN-BK,https://barefootbuttons.com/product/v1-mini-black/
Barefoot Buttons V1 Mini Gold,$8.95 ,68 in stock,21-V1-MN-GL,https://barefootbuttons.com/product/v1-mini-gold/
Barefoot Buttons V1 Mini Green,$8.95 ,74 in stock,21-V1-MN-GN,https://barefootbuttons.com/product/v1-mini-green/
,,,,
,,,,
,,,,
,,,,
,,,,
,,,,
,,,,
,,,,
,,,,
,,,,
,,,,
,,,,
,,,,
,,,,
,,,,
,,,,
,,,,
,,,,
,,,,
,,,,
,,,,
,,,,
,,,,
,,,,
,,,,
,,,,
,,,,
,,,,
,,,,
,,,,
,,,,
,,,,
,,,,
,,,,
,,,,
,,,,
,,,,
